LABEL,X,Y
A* DH=6,0,7.0
A* cache ES,0,78.0
A* DH=6,1,8.0
A* cache ES,1,79.0
A* DH=6,2,13.0
A* cache ES,2,81.0
A* DH=6,3,14.0
A* cache ES,3,82.0
A* DH=6,4,15.0
A* cache ES,4,82.0
A* DH=6,5,15.0
A* cache ES,5,83.0
A* DH=6,6,16.0
A* cache ES,6,86.0
A* DH=6,7,18.0
A* cache ES,7,88.0
A* DH=6,8,19.0
A* cache ES,8,89.0
A* DH=6,9,22.0
A* cache ES,9,92.0
A* DH=6,10,29.0
A* cache ES,10,93.0
A* DH=6,11,32.0
A* cache ES,11,94.0
A* DH=6,12,33.0
A* cache ES,12,95.0
A* DH=6,13,34.0
A* cache ES,13,95.0
A* DH=6,14,36.0
A* cache ES,14,101.0
A* DH=6,15,40.0
A* cache ES,15,101.0
A* DH=6,16,41.0
A* cache ES,16,106.0
A* DH=6,17,49.0
A* cache ES,17,106.0
A* DH=6,18,52.0
A* cache ES,18,106.0
A* DH=6,19,75.0
A* cache ES,19,106.0
A* DH=6,20,80.0
A* cache ES,20,108.0
A* DH=6,21,81.0
A* cache ES,21,109.0
A* DH=6,22,92.0
A* cache ES,22,110.0
A* DH=6,23,97.0
A* cache ES,23,113.0
A* DH=6,24,115.0
A* cache ES,24,114.0
A* DH=6,25,124.0
A* cache ES,25,115.0
A* DH=6,26,126.0
A* cache ES,26,116.0
A* DH=6,27,128.0
A* cache ES,27,118.0
A* DH=6,28,130.0
A* cache ES,28,121.0
A* DH=6,29,137.0
A* cache ES,29,124.0
A* DH=6,30,140.0
A* cache ES,30,126.0
A* DH=6,31,141.0
A* cache ES,31,130.0
A* DH=6,32,147.0
A* cache ES,32,130.0
A* DH=6,33,153.0
A* cache ES,33,131.0
A* DH=6,34,157.0
A* cache ES,34,138.0
A* DH=6,35,161.0
A* cache ES,35,140.0
A* DH=6,36,164.0
A* cache ES,36,141.0
A* DH=6,37,165.0
A* cache ES,37,145.0
A* DH=6,38,167.0
A* cache ES,38,148.0
A* DH=6,39,168.0
A* cache ES,39,154.0
A* DH=6,40,169.0
A* cache ES,40,158.0
A* DH=6,41,169.0
A* cache ES,41,162.0
A* DH=6,42,172.0
A* cache ES,42,163.0
A* DH=6,43,189.0
A* cache ES,43,165.0
A* DH=6,44,198.0
A* cache ES,44,166.0
A* DH=6,45,199.0
A* cache ES,45,168.0
A* DH=6,46,201.0
A* cache ES,46,169.0
A* DH=6,47,207.0
A* cache ES,47,173.0
A* DH=6,48,208.0
A* cache ES,48,173.0
A* DH=6,49,209.0
A* cache ES,49,174.0
A* DH=6,50,212.0
A* cache ES,50,176.0
A* DH=6,51,220.0
A* cache ES,51,179.0
A* DH=6,52,224.0
A* cache ES,52,180.0
A* DH=6,53,228.0
A* cache ES,53,184.0
A* DH=6,54,229.0
A* cache ES,54,185.0
A* DH=6,55,234.0
A* cache ES,55,188.0
A* DH=6,56,235.0
A* cache ES,56,191.0
A* DH=6,57,235.0
A* cache ES,57,199.0
A* DH=6,58,236.0
A* cache ES,58,199.0
A* DH=6,59,244.0
A* cache ES,59,200.0
A* DH=6,60,248.0
A* cache ES,60,201.0
A* DH=6,61,255.0
A* cache ES,61,205.0
A* DH=6,62,255.0
A* cache ES,62,208.0
A* DH=6,63,259.0
A* cache ES,63,209.0
A* DH=6,64,261.0
A* cache ES,64,210.0
A* DH=6,65,261.0
A* cache ES,65,212.0
A* DH=6,66,267.0
A* cache ES,66,213.0
A* DH=6,67,267.0
A* cache ES,67,214.0
A* DH=6,68,268.0
A* cache ES,68,214.0
A* DH=6,69,272.0
A* cache ES,69,215.0
A* DH=6,70,273.0
A* cache ES,70,215.0
A* DH=6,71,275.0
A* cache ES,71,215.0
A* DH=6,72,276.0
A* cache ES,72,215.0
A* DH=6,73,293.0
A* cache ES,73,225.0
A* DH=6,74,293.0
A* cache ES,74,230.0
A* DH=6,75,294.0
A* cache ES,75,234.0
A* DH=6,76,299.0
A* cache ES,76,234.0
A* DH=6,77,300.0
A* cache ES,77,236.0
A* DH=6,78,305.0
A* cache ES,78,236.0
A* DH=6,79,305.0
A* cache ES,79,241.0
A* DH=6,80,306.0
A* cache ES,80,241.0
A* DH=6,81,306.0
A* cache ES,81,242.0
A* DH=6,82,307.0
A* cache ES,82,244.0
A* DH=6,83,307.0
A* cache ES,83,244.0
A* DH=6,84,308.0
A* cache ES,84,246.0
A* DH=6,85,310.0
A* cache ES,85,246.0
A* DH=6,86,311.0
A* cache ES,86,246.0
A* DH=6,87,314.0
A* cache ES,87,247.0
A* DH=6,88,314.0
A* cache ES,88,248.0
A* DH=6,89,317.0
A* cache ES,89,248.0
A* DH=6,90,318.0
A* cache ES,90,249.0
A* DH=6,91,320.0
A* cache ES,91,251.0
A* DH=6,92,322.0
A* cache ES,92,251.0
A* DH=6,93,323.0
A* cache ES,93,252.0
A* DH=6,94,324.0
A* cache ES,94,257.0
A* DH=6,95,324.0
A* cache ES,95,261.0
A* DH=6,96,324.0
A* cache ES,96,263.0
A* DH=6,97,337.0
A* cache ES,97,266.0
A* DH=6,98,345.0
A* cache ES,98,267.0
A* DH=6,99,345.0
A* cache ES,99,269.0
A* DH=6,100,348.0
A* cache ES,100,270.0
A* DH=6,101,353.0
A* cache ES,101,270.0
A* DH=6,102,353.0
A* cache ES,102,271.0
A* DH=6,103,354.0
A* cache ES,103,272.0
A* DH=6,104,357.0
A* cache ES,104,275.0
A* DH=6,105,365.0
A* cache ES,105,276.0
A* DH=6,106,366.0
A* cache ES,106,278.0
A* DH=6,107,371.0
A* cache ES,107,284.0
A* DH=6,108,373.0
A* cache ES,108,285.0
A* DH=6,109,373.0
A* cache ES,109,288.0
A* DH=6,110,375.0
A* cache ES,110,288.0
A* DH=6,111,377.0
A* cache ES,111,290.0
A* DH=6,112,380.0
A* cache ES,112,295.0
A* DH=6,113,388.0
A* cache ES,113,296.0
A* DH=6,114,389.0
A* cache ES,114,297.0
A* DH=6,115,391.0
A* cache ES,115,298.0
A* DH=6,116,392.0
A* cache ES,116,300.0
A* DH=6,117,401.0
A* cache ES,117,300.0
A* DH=6,118,402.0
A* cache ES,118,301.0
A* DH=6,119,403.0
A* cache ES,119,301.0
A* DH=6,120,404.0
A* cache ES,120,304.0
A* DH=6,121,406.0
A* cache ES,121,309.0
A* DH=6,122,408.0
A* cache ES,122,310.0
A* DH=6,123,408.0
A* cache ES,123,310.0
A* DH=6,124,409.0
A* cache ES,124,311.0
A* DH=6,125,410.0
A* cache ES,125,312.0
A* DH=6,126,414.0
A* cache ES,126,314.0
A* DH=6,127,420.0
A* cache ES,127,314.0
A* DH=6,128,424.0
A* cache ES,128,315.0
A* DH=6,129,424.0
A* cache ES,129,317.0
A* DH=6,130,427.0
A* cache ES,130,318.0
A* DH=6,131,430.0
A* cache ES,131,319.0
A* DH=6,132,431.0
A* cache ES,132,322.0
A* DH=6,133,432.0
A* cache ES,133,325.0
A* DH=6,134,432.0
A* cache ES,134,326.0
A* DH=6,135,440.0
A* cache ES,135,326.0
A* DH=6,136,440.0
A* cache ES,136,329.0
A* DH=6,137,447.0
A* cache ES,137,331.0
A* DH=6,138,449.0
A* cache ES,138,333.0
A* DH=6,139,450.0
A* cache ES,139,334.0
A* DH=6,140,451.0
A* cache ES,140,339.0
A* DH=6,141,452.0
A* cache ES,141,340.0
A* DH=6,142,458.0
A* cache ES,142,343.0
A* DH=6,143,459.0
A* cache ES,143,344.0
A* DH=6,144,460.0
A* cache ES,144,344.0
A* DH=6,145,461.0
A* cache ES,145,345.0
A* DH=6,146,464.0
A* cache ES,146,348.0
A* DH=6,147,468.0
A* cache ES,147,350.0
A* DH=6,148,469.0
A* cache ES,148,353.0
A* DH=6,149,472.0
A* cache ES,149,353.0
A* DH=6,150,472.0
A* cache ES,150,359.0
A* DH=6,151,473.0
A* cache ES,151,360.0
A* DH=6,152,475.0
A* cache ES,152,360.0
A* DH=6,153,476.0
A* cache ES,153,362.0
A* DH=6,154,477.0
A* cache ES,154,363.0
A* DH=6,155,479.0
A* cache ES,155,365.0
A* DH=6,156,479.0
A* cache ES,156,366.0
A* DH=6,157,481.0
A* cache ES,157,366.0
A* DH=6,158,486.0
A* cache ES,158,367.0
A* DH=6,159,495.0
A* cache ES,159,367.0
A* DH=6,160,500.0
A* cache ES,160,370.0
A* DH=6,161,518.0
A* cache ES,161,373.0
A* DH=6,162,519.0
A* cache ES,162,374.0
A* DH=6,163,519.0
A* cache ES,163,377.0
A* DH=6,164,519.0
A* cache ES,164,377.0
A* DH=6,165,526.0
A* cache ES,165,379.0
A* DH=6,166,526.0
A* cache ES,166,380.0
A* DH=6,167,528.0
A* cache ES,167,382.0
A* DH=6,168,529.0
A* cache ES,168,386.0
A* DH=6,169,529.0
A* cache ES,169,387.0
A* DH=6,170,533.0
A* cache ES,170,388.0
A* DH=6,171,533.0
A* cache ES,171,389.0
A* DH=6,172,537.0
A* cache ES,172,389.0
A* DH=6,173,537.0
A* cache ES,173,395.0
A* DH=6,174,541.0
A* cache ES,174,395.0
A* DH=6,175,541.0
A* cache ES,175,398.0
A* DH=6,176,542.0
A* cache ES,176,399.0
A* DH=6,177,542.0
A* cache ES,177,401.0
A* DH=6,178,548.0
A* cache ES,178,402.0
A* DH=6,179,553.0
A* cache ES,179,403.0
A* DH=6,180,554.0
A* cache ES,180,403.0
A* DH=6,181,556.0
A* cache ES,181,405.0
A* DH=6,182,556.0
A* cache ES,182,406.0
A* DH=6,183,563.0
A* cache ES,183,410.0
A* DH=6,184,569.0
A* cache ES,184,412.0
A* DH=6,185,574.0
A* cache ES,185,414.0
A* DH=6,186,577.0
A* cache ES,186,415.0
A* DH=6,187,578.0
A* cache ES,187,416.0
A* DH=6,188,583.0
A* cache ES,188,416.0
A* DH=6,189,586.0
A* cache ES,189,419.0
A* DH=6,190,591.0
A* cache ES,190,420.0
A* DH=6,191,593.0
A* cache ES,191,427.0
A* DH=6,192,598.0
A* cache ES,192,427.0
A* DH=6,193,603.0
A* cache ES,193,428.0
A* DH=6,194,604.0
A* cache ES,194,431.0
A* DH=6,195,605.0
A* cache ES,195,431.0
A* DH=6,196,605.0
A* cache ES,196,432.0
A* DH=6,197,607.0
A* cache ES,197,433.0
A* DH=6,198,609.0
A* cache ES,198,437.0
A* DH=6,199,624.0
A* cache ES,199,440.0
A* DH=6,200,634.0
A* cache ES,200,441.0
A* DH=6,201,635.0
A* cache ES,201,442.0
A* DH=6,202,636.0
A* cache ES,202,445.0
A* DH=6,203,639.0
A* cache ES,203,447.0
A* DH=6,204,639.0
A* cache ES,204,449.0
A* DH=6,205,646.0
A* cache ES,205,453.0
A* DH=6,206,647.0
A* cache ES,206,454.0
A* DH=6,207,647.0
A* cache ES,207,456.0
A* DH=6,208,658.0
A* cache ES,208,461.0
A* DH=6,209,658.0
A* cache ES,209,462.0
A* DH=6,210,658.0
A* cache ES,210,462.0
A* DH=6,211,660.0
A* cache ES,211,463.0
A* DH=6,212,665.0
A* cache ES,212,467.0
A* DH=6,213,671.0
A* cache ES,213,470.0
A* DH=6,214,674.0
A* cache ES,214,470.0
A* DH=6,215,677.0
A* cache ES,215,470.0
A* DH=6,216,680.0
A* cache ES,216,473.0
A* DH=6,217,685.0
A* cache ES,217,473.0
A* DH=6,218,688.0
A* cache ES,218,474.0
A* DH=6,219,689.0
A* cache ES,219,477.0
A* DH=6,220,694.0
A* cache ES,220,482.0
A* DH=6,221,694.0
A* cache ES,221,485.0
A* DH=6,222,695.0
A* cache ES,222,491.0
A* DH=6,223,698.0
A* cache ES,223,493.0
A* DH=6,224,699.0
A* cache ES,224,494.0
A* DH=6,225,701.0
A* cache ES,225,494.0
A* DH=6,226,702.0
A* cache ES,226,497.0
A* DH=6,227,704.0
A* cache ES,227,498.0
A* DH=6,228,704.0
A* cache ES,228,500.0
A* DH=6,229,710.0
A* cache ES,229,504.0
A* DH=6,230,712.0
A* cache ES,230,505.0
A* DH=6,231,713.0
A* cache ES,231,506.0
A* DH=6,232,718.0
A* cache ES,232,507.0
A* DH=6,233,719.0
A* cache ES,233,508.0
A* DH=6,234,719.0
A* cache ES,234,509.0
A* DH=6,235,719.0
A* cache ES,235,511.0
A* DH=6,236,721.0
A* cache ES,236,514.0
A* DH=6,237,728.0
A* cache ES,237,518.0
A* DH=6,238,731.0
A* cache ES,238,520.0
A* DH=6,239,731.0
A* cache ES,239,520.0
A* DH=6,240,742.0
A* cache ES,240,524.0
A* DH=6,241,745.0
A* cache ES,241,524.0
A* DH=6,242,745.0
A* cache ES,242,525.0
A* DH=6,243,748.0
A* cache ES,243,526.0
A* DH=6,244,749.0
A* cache ES,244,528.0
A* DH=6,245,755.0
A* cache ES,245,529.0
A* DH=6,246,755.0
A* cache ES,246,533.0
A* DH=6,247,757.0
A* cache ES,247,535.0
A* DH=6,248,759.0
A* cache ES,248,540.0
A* DH=6,249,764.0
A* cache ES,249,542.0
A* DH=6,250,773.0
A* cache ES,250,542.0
A* DH=6,251,773.0
A* cache ES,251,542.0
A* DH=6,252,777.0
A* cache ES,252,547.0
A* DH=6,253,778.0
A* cache ES,253,556.0
A* DH=6,254,779.0
A* cache ES,254,557.0
A* DH=6,255,780.0
A* cache ES,255,557.0
A* DH=6,256,784.0
A* cache ES,256,558.0
A* DH=6,257,786.0
A* cache ES,257,562.0
A* DH=6,258,786.0
A* cache ES,258,564.0
A* DH=6,259,789.0
A* cache ES,259,567.0
A* DH=6,260,791.0
A* cache ES,260,567.0
A* DH=6,261,797.0
A* cache ES,261,567.0
A* DH=6,262,798.0
A* cache ES,262,571.0
A* DH=6,263,798.0
A* cache ES,263,575.0
A* DH=6,264,799.0
A* cache ES,264,576.0
A* DH=6,265,800.0
A* cache ES,265,581.0
A* DH=6,266,803.0
A* cache ES,266,582.0
A* DH=6,267,806.0
A* cache ES,267,585.0
A* DH=6,268,809.0
A* cache ES,268,585.0
A* DH=6,269,810.0
A* cache ES,269,587.0
A* DH=6,270,814.0
A* cache ES,270,588.0
A* DH=6,271,818.0
A* cache ES,271,590.0
A* DH=6,272,825.0
A* cache ES,272,591.0
A* DH=6,273,826.0
A* cache ES,273,597.0
A* DH=6,274,826.0
A* cache ES,274,597.0
A* DH=6,275,828.0
A* cache ES,275,598.0
A* DH=6,276,831.0
A* cache ES,276,601.0
A* DH=6,277,832.0
A* cache ES,277,602.0
A* DH=6,278,839.0
A* cache ES,278,609.0
A* DH=6,279,841.0
A* cache ES,279,617.0
A* DH=6,280,842.0
A* cache ES,280,628.0
A* DH=6,281,843.0
A* cache ES,281,631.0
A* DH=6,282,848.0
A* cache ES,282,634.0
A* DH=6,283,849.0
A* cache ES,283,634.0
A* DH=6,284,850.0
A* cache ES,284,636.0
A* DH=6,285,851.0
A* cache ES,285,636.0
A* DH=6,286,851.0
A* cache ES,286,637.0
A* DH=6,287,852.0
A* cache ES,287,641.0
A* DH=6,288,852.0
A* cache ES,288,641.0
A* DH=6,289,858.0
A* cache ES,289,641.0
A* DH=6,290,860.0
A* cache ES,290,645.0
A* DH=6,291,860.0
A* cache ES,291,651.0
A* DH=6,292,861.0
A* cache ES,292,657.0
A* DH=6,293,861.0
A* cache ES,293,659.0
A* DH=6,294,864.0
A* cache ES,294,660.0
A* DH=6,295,865.0
A* cache ES,295,666.0
A* DH=6,296,865.0
A* cache ES,296,668.0
A* DH=6,297,866.0
A* cache ES,297,668.0
A* DH=6,298,868.0
A* cache ES,298,677.0
A* DH=6,299,868.0
A* cache ES,299,678.0
A* DH=6,300,868.0
A* cache ES,300,679.0
A* DH=6,301,869.0
A* cache ES,301,681.0
A* DH=6,302,872.0
A* cache ES,302,682.0
A* DH=6,303,873.0
A* cache ES,303,683.0
A* DH=6,304,876.0
A* cache ES,304,686.0
A* DH=6,305,876.0
A* cache ES,305,687.0
A* DH=6,306,877.0
A* cache ES,306,688.0
A* DH=6,307,877.0
A* cache ES,307,689.0
A* DH=6,308,885.0
A* cache ES,308,693.0
A* DH=6,309,889.0
A* cache ES,309,694.0
A* DH=6,310,891.0
A* cache ES,310,699.0
A* DH=6,311,899.0
A* cache ES,311,705.0
A* DH=6,312,902.0
A* cache ES,312,710.0
A* DH=6,313,904.0
A* cache ES,313,710.0
A* DH=6,314,906.0
A* cache ES,314,712.0
A* DH=6,315,907.0
A* cache ES,315,714.0
A* DH=6,316,909.0
A* cache ES,316,715.0
A* DH=6,317,910.0
A* cache ES,317,716.0
A* DH=6,318,911.0
A* cache ES,318,721.0
A* DH=6,319,915.0
A* cache ES,319,723.0
A* DH=6,320,916.0
A* cache ES,320,725.0
A* DH=6,321,919.0
A* cache ES,321,726.0
A* DH=6,322,922.0
A* cache ES,322,728.0
A* DH=6,323,925.0
A* cache ES,323,731.0
A* DH=6,324,927.0
A* cache ES,324,732.0
A* DH=6,325,931.0
A* cache ES,325,738.0
A* DH=6,326,936.0
A* cache ES,326,738.0
A* DH=6,327,937.0
A* cache ES,327,740.0
A* DH=6,328,942.0
A* cache ES,328,740.0
A* DH=6,329,943.0
A* cache ES,329,744.0
A* DH=6,330,946.0
A* cache ES,330,746.0
A* DH=6,331,952.0
A* cache ES,331,746.0
A* DH=6,332,953.0
A* cache ES,332,746.0
A* DH=6,333,954.0
A* cache ES,333,747.0
A* DH=6,334,955.0
A* cache ES,334,752.0
A* DH=6,335,955.0
A* cache ES,335,752.0
A* DH=6,336,960.0
A* cache ES,336,756.0
A* DH=6,337,971.0
A* cache ES,337,761.0
A* DH=6,338,972.0
A* cache ES,338,761.0
A* DH=6,339,973.0
A* cache ES,339,761.0
A* DH=6,340,973.0
A* cache ES,340,763.0
A* DH=6,341,977.0
A* cache ES,341,764.0
A* DH=6,342,981.0
A* cache ES,342,766.0
A* DH=6,343,988.0
A* cache ES,343,766.0
A* DH=6,344,989.0
A* cache ES,344,771.0
A* DH=6,345,989.0
A* cache ES,345,772.0
A* DH=6,346,990.0
A* cache ES,346,773.0
A* DH=6,347,990.0
A* cache ES,347,777.0
A* DH=6,348,990.0
A* cache ES,348,777.0
A* DH=6,349,991.0
A* cache ES,349,778.0
A* DH=6,350,993.0
A* cache ES,350,780.0
A* DH=6,351,994.0
A* cache ES,351,781.0
A* DH=6,352,995.0
A* cache ES,352,783.0
A* DH=6,353,995.0
A* cache ES,353,784.0
A* DH=6,354,1003.0
A* cache ES,354,784.0
A* DH=6,355,1004.0
A* cache ES,355,788.0
A* DH=6,356,1005.0
A* cache ES,356,790.0
A* DH=6,357,1007.0
A* cache ES,357,793.0
A* DH=6,358,1007.0
A* cache ES,358,794.0
A* DH=6,359,1008.0
A* cache ES,359,795.0
A* DH=6,360,1009.0
A* cache ES,360,801.0
A* DH=6,361,1023.0
A* cache ES,361,804.0
A* DH=6,362,1027.0
A* cache ES,362,805.0
A* DH=6,363,1028.0
A* cache ES,363,808.0
A* DH=6,364,1029.0
A* cache ES,364,810.0
A* DH=6,365,1030.0
A* cache ES,365,812.0
A* DH=6,366,1035.0
A* cache ES,366,813.0
A* DH=6,367,1037.0
A* cache ES,367,815.0
A* DH=6,368,1050.0
A* cache ES,368,816.0
A* DH=6,369,1063.0
A* cache ES,369,817.0
A* DH=6,370,1073.0
A* cache ES,370,818.0
A* DH=6,371,1079.0
A* cache ES,371,820.0
A* DH=6,372,1081.0
A* cache ES,372,820.0
A* DH=6,373,1082.0
A* cache ES,373,825.0
A* DH=6,374,1083.0
A* cache ES,374,827.0
A* DH=6,375,1085.0
A* cache ES,375,828.0
A* DH=6,376,1085.0
A* cache ES,376,828.0
A* DH=6,377,1085.0
A* cache ES,377,829.0
A* DH=6,378,1086.0
A* cache ES,378,830.0
A* DH=6,379,1086.0
A* cache ES,379,831.0
A* DH=6,380,1093.0
A* cache ES,380,833.0
A* DH=6,381,1096.0
A* cache ES,381,834.0
A* DH=6,382,1097.0
A* cache ES,382,835.0
A* DH=6,383,1098.0
A* cache ES,383,835.0
A* DH=6,384,1103.0
A* cache ES,384,837.0
A* DH=6,385,1103.0
A* cache ES,385,837.0
A* DH=6,386,1104.0
A* cache ES,386,838.0
A* DH=6,387,1105.0
A* cache ES,387,839.0
A* DH=6,388,1117.0
A* cache ES,388,842.0
A* DH=6,389,1117.0
A* cache ES,389,844.0
A* DH=6,390,1120.0
A* cache ES,390,845.0
A* DH=6,391,1122.0
A* cache ES,391,846.0
A* DH=6,392,1125.0
A* cache ES,392,849.0
A* DH=6,393,1128.0
A* cache ES,393,849.0
A* DH=6,394,1129.0
A* cache ES,394,858.0
A* DH=6,395,1130.0
A* cache ES,395,858.0
A* DH=6,396,1131.0
A* cache ES,396,859.0
A* DH=6,397,1134.0
A* cache ES,397,865.0
A* DH=6,398,1137.0
A* cache ES,398,867.0
A* DH=6,399,1138.0
A* cache ES,399,870.0
A* DH=6,400,1140.0
A* cache ES,400,871.0
A* DH=6,401,1143.0
A* cache ES,401,871.0
A* DH=6,402,1147.0
A* cache ES,402,873.0
A* DH=6,403,1148.0
A* cache ES,403,875.0
A* DH=6,404,1151.0
A* cache ES,404,878.0
A* DH=6,405,1151.0
A* cache ES,405,880.0
A* DH=6,406,1154.0
A* cache ES,406,881.0
A* DH=6,407,1154.0
A* cache ES,407,884.0
A* DH=6,408,1161.0
A* cache ES,408,884.0
A* DH=6,409,1162.0
A* cache ES,409,885.0
A* DH=6,410,1165.0
A* cache ES,410,885.0
A* DH=6,411,1174.0
A* cache ES,411,889.0
A* DH=6,412,1176.0
A* cache ES,412,892.0
A* DH=6,413,1177.0
A* cache ES,413,898.0
A* DH=6,414,1183.0
A* cache ES,414,900.0
A* DH=6,415,1185.0
A* cache ES,415,900.0
A* DH=6,416,1189.0
A* cache ES,416,901.0
A* DH=6,417,1190.0
A* cache ES,417,901.0
A* DH=6,418,1192.0
A* cache ES,418,902.0
A* DH=6,419,1194.0
A* cache ES,419,902.0
A* DH=6,420,1195.0
A* cache ES,420,903.0
A* DH=6,421,1197.0
A* cache ES,421,906.0
A* DH=6,422,1200.0
A* cache ES,422,908.0
A* DH=6,423,1208.0
A* cache ES,423,914.0
A* DH=6,424,1211.0
A* cache ES,424,916.0
A* DH=6,425,1214.0
A* cache ES,425,918.0
A* DH=6,426,1215.0
A* cache ES,426,920.0
A* DH=6,427,1215.0
A* cache ES,427,920.0
A* DH=6,428,1225.0
A* cache ES,428,921.0
A* DH=6,429,1227.0
A* cache ES,429,921.0
A* DH=6,430,1228.0
A* cache ES,430,926.0
A* DH=6,431,1233.0
A* cache ES,431,928.0
A* DH=6,432,1234.0
A* cache ES,432,934.0
A* DH=6,433,1237.0
A* cache ES,433,936.0
A* DH=6,434,1240.0
A* cache ES,434,937.0
A* DH=6,435,1241.0
A* cache ES,435,938.0
A* DH=6,436,1242.0
A* cache ES,436,940.0
A* DH=6,437,1244.0
A* cache ES,437,942.0
A* DH=6,438,1244.0
A* cache ES,438,949.0
A* DH=6,439,1246.0
A* cache ES,439,950.0
A* DH=6,440,1251.0
A* cache ES,440,950.0
A* DH=6,441,1251.0
A* cache ES,441,950.0
A* DH=6,442,1257.0
A* cache ES,442,952.0
A* DH=6,443,1260.0
A* cache ES,443,952.0
A* DH=6,444,1261.0
A* cache ES,444,954.0
A* DH=6,445,1262.0
A* cache ES,445,956.0
A* DH=6,446,1263.0
A* cache ES,446,957.0
A* DH=6,447,1265.0
A* cache ES,447,957.0
A* DH=6,448,1270.0
A* cache ES,448,960.0
A* DH=6,449,1272.0
A* cache ES,449,965.0
A* DH=6,450,1273.0
A* cache ES,450,969.0
A* DH=6,451,1277.0
A* cache ES,451,969.0
A* DH=6,452,1277.0
A* cache ES,452,974.0
A* DH=6,453,1281.0
A* cache ES,453,975.0
A* DH=6,454,1287.0
A* cache ES,454,981.0
A* DH=6,455,1287.0
A* cache ES,455,982.0
A* DH=6,456,1292.0
A* cache ES,456,993.0
A* DH=6,457,1293.0
A* cache ES,457,994.0
A* DH=6,458,1294.0
A* cache ES,458,1002.0
A* DH=6,459,1295.0
A* cache ES,459,1011.0
A* DH=6,460,1297.0
A* cache ES,460,1013.0
A* DH=6,461,1299.0
A* cache ES,461,1014.0
A* DH=6,462,1302.0
A* cache ES,462,1015.0
A* DH=6,463,1303.0
A* cache ES,463,1020.0
A* DH=6,464,1303.0
A* cache ES,464,1024.0
A* DH=6,465,1310.0
A* cache ES,465,1029.0
A* DH=6,466,1315.0
A* cache ES,466,1030.0
A* DH=6,467,1317.0
A* cache ES,467,1031.0
A* DH=6,468,1318.0
A* cache ES,468,1034.0
A* DH=6,469,1319.0
A* cache ES,469,1036.0
A* DH=6,470,1320.0
A* cache ES,470,1038.0
A* DH=6,471,1320.0
A* cache ES,471,1039.0
A* DH=6,472,1322.0
A* cache ES,472,1054.0
A* DH=6,473,1324.0
A* cache ES,473,1054.0
A* DH=6,474,1327.0
A* cache ES,474,1061.0
A* DH=6,475,1333.0
A* cache ES,475,1062.0
A* DH=6,476,1337.0
A* cache ES,476,1064.0
A* DH=6,477,1339.0
A* cache ES,477,1066.0
A* DH=6,478,1344.0
A* cache ES,478,1068.0
A* DH=6,479,1349.0
A* cache ES,479,1069.0
A* DH=6,480,1353.0
A* cache ES,480,1071.0
A* DH=6,481,1356.0
A* cache ES,481,1076.0
A* DH=6,482,1357.0
A* cache ES,482,1076.0
A* DH=6,483,1360.0
A* cache ES,483,1092.0
A* DH=6,484,1361.0
A* cache ES,484,1094.0
A* DH=6,485,1362.0
A* cache ES,485,1097.0
A* DH=6,486,1371.0
A* cache ES,486,1101.0
A* DH=6,487,1375.0
A* cache ES,487,1102.0
A* DH=6,488,1380.0
A* cache ES,488,1106.0
A* DH=6,489,1387.0
A* cache ES,489,1107.0
A* DH=6,490,1388.0
A* cache ES,490,1109.0
A* DH=6,491,1398.0
A* cache ES,491,1118.0
A* DH=6,492,1401.0
A* cache ES,492,1119.0
A* DH=6,493,1403.0
A* cache ES,493,1124.0
A* DH=6,494,1409.0
A* cache ES,494,1125.0
A* DH=6,495,1411.0
A* cache ES,495,1127.0
A* DH=6,496,1415.0
A* cache ES,496,1131.0
A* DH=6,497,1415.0
A* cache ES,497,1137.0
A* DH=6,498,1417.0
A* cache ES,498,1145.0
A* DH=6,499,1422.0
A* cache ES,499,1147.0
A* DH=6,500,1423.0
A* cache ES,500,1149.0
A* DH=6,501,1423.0
A* cache ES,501,1150.0
A* DH=6,502,1430.0
A* cache ES,502,1152.0
A* DH=6,503,1431.0
A* cache ES,503,1155.0
A* DH=6,504,1438.0
A* cache ES,504,1158.0
A* DH=6,505,1443.0
A* cache ES,505,1159.0
A* DH=6,506,1445.0
A* cache ES,506,1163.0
A* DH=6,507,1445.0
A* cache ES,507,1169.0
A* DH=6,508,1446.0
A* cache ES,508,1174.0
A* DH=6,509,1458.0
A* cache ES,509,1177.0
A* DH=6,510,1461.0
A* cache ES,510,1180.0
A* DH=6,511,1463.0
A* cache ES,511,1181.0
A* DH=6,512,1470.0
A* cache ES,512,1183.0
A* DH=6,513,1471.0
A* cache ES,513,1190.0
A* DH=6,514,1472.0
A* cache ES,514,1190.0
A* DH=6,515,1474.0
A* cache ES,515,1194.0
A* DH=6,516,1481.0
A* cache ES,516,1201.0
A* DH=6,517,1481.0
A* cache ES,517,1208.0
A* DH=6,518,1485.0
A* cache ES,518,1211.0
A* DH=6,519,1492.0
A* cache ES,519,1211.0
A* DH=6,520,1495.0
A* cache ES,520,1211.0
A* DH=6,521,1499.0
A* cache ES,521,1212.0
A* DH=6,522,1499.0
A* cache ES,522,1218.0
A* DH=6,523,1501.0
A* cache ES,523,1220.0
A* DH=6,524,1512.0
A* cache ES,524,1221.0
A* DH=6,525,1514.0
A* cache ES,525,1222.0
A* DH=6,526,1515.0
A* cache ES,526,1226.0
A* DH=6,527,1516.0
A* cache ES,527,1227.0
A* DH=6,528,1516.0
A* cache ES,528,1230.0
A* DH=6,529,1516.0
A* cache ES,529,1236.0
A* DH=6,530,1523.0
A* cache ES,530,1237.0
A* DH=6,531,1524.0
A* cache ES,531,1247.0
A* DH=6,532,1525.0
A* cache ES,532,1248.0
A* DH=6,533,1526.0
A* cache ES,533,1248.0
A* DH=6,534,1528.0
A* cache ES,534,1248.0
A* DH=6,535,1530.0
A* cache ES,535,1250.0
A* DH=6,536,1533.0
A* cache ES,536,1255.0
A* DH=6,537,1533.0
A* cache ES,537,1255.0
A* DH=6,538,1534.0
A* cache ES,538,1261.0
A* DH=6,539,1541.0
A* cache ES,539,1261.0
A* DH=6,540,1542.0
A* cache ES,540,1263.0
A* DH=6,541,1543.0
A* cache ES,541,1264.0
A* DH=6,542,1543.0
A* cache ES,542,1266.0
A* DH=6,543,1571.0
A* cache ES,543,1269.0
A* DH=6,544,1573.0
A* cache ES,544,1283.0
A* DH=6,545,1578.0
A* cache ES,545,1287.0
A* DH=6,546,1589.0
A* cache ES,546,1287.0
A* DH=6,547,1598.0
A* cache ES,547,1287.0
A* DH=6,548,1599.0
A* cache ES,548,1291.0
A* DH=6,549,1607.0
A* cache ES,549,1295.0
A* DH=6,550,1610.0
A* cache ES,550,1296.0
A* DH=6,551,1611.0
A* cache ES,551,1297.0
A* DH=6,552,1624.0
A* cache ES,552,1306.0
A* DH=6,553,1631.0
A* cache ES,553,1309.0
A* DH=6,554,1638.0
A* cache ES,554,1310.0
A* DH=6,555,1639.0
A* cache ES,555,1310.0
A* DH=6,556,1647.0
A* cache ES,556,1313.0
A* DH=6,557,1647.0
A* cache ES,557,1314.0
A* DH=6,558,1647.0
A* cache ES,558,1314.0
A* DH=6,559,1648.0
A* cache ES,559,1321.0
A* DH=6,560,1656.0
A* cache ES,560,1322.0
A* DH=6,561,1657.0
A* cache ES,561,1323.0
A* DH=6,562,1657.0
A* cache ES,562,1330.0
A* DH=6,563,1657.0
A* cache ES,563,1331.0
A* DH=6,564,1662.0
A* cache ES,564,1331.0
A* DH=6,565,1664.0
A* cache ES,565,1331.0
A* DH=6,566,1667.0
A* cache ES,566,1337.0
A* DH=6,567,1667.0
A* cache ES,567,1342.0
A* DH=6,568,1670.0
A* cache ES,568,1347.0
A* DH=6,569,1674.0
A* cache ES,569,1349.0
A* DH=6,570,1675.0
A* cache ES,570,1361.0
A* DH=6,571,1680.0
A* cache ES,571,1365.0
A* DH=6,572,1686.0
A* cache ES,572,1365.0
A* DH=6,573,1690.0
A* cache ES,573,1371.0
A* DH=6,574,1691.0
A* cache ES,574,1374.0
A* DH=6,575,1695.0
A* cache ES,575,1376.0
A* DH=6,576,1696.0
A* cache ES,576,1384.0
A* DH=6,577,1697.0
A* cache ES,577,1384.0
A* DH=6,578,1700.0
A* cache ES,578,1389.0
A* DH=6,579,1703.0
A* cache ES,579,1390.0
A* DH=6,580,1706.0
A* cache ES,580,1396.0
A* DH=6,581,1712.0
A* cache ES,581,1397.0
A* DH=6,582,1718.0
A* cache ES,582,1399.0
A* DH=6,583,1721.0
A* cache ES,583,1399.0
A* DH=6,584,1721.0
A* cache ES,584,1408.0
A* DH=6,585,1722.0
A* cache ES,585,1418.0
A* DH=6,586,1722.0
A* cache ES,586,1421.0
A* DH=6,587,1724.0
A* cache ES,587,1430.0
A* DH=6,588,1724.0
A* cache ES,588,1430.0
A* DH=6,589,1727.0
A* cache ES,589,1432.0
A* DH=6,590,1732.0
A* cache ES,590,1433.0
A* DH=6,591,1735.0
A* cache ES,591,1437.0
A* DH=6,592,1739.0
A* cache ES,592,1443.0
A* DH=6,593,1744.0
A* cache ES,593,1443.0
A* DH=6,594,1744.0
A* cache ES,594,1449.0
A* DH=6,595,1746.0
A* cache ES,595,1452.0
A* DH=6,596,1746.0
A* cache ES,596,1454.0
A* DH=6,597,1750.0
A* cache ES,597,1464.0
A* DH=6,598,1751.0
A* cache ES,598,1468.0
A* DH=6,599,1752.0
A* cache ES,599,1473.0
A* DH=6,600,1756.0
A* cache ES,600,1475.0
A* DH=6,601,1763.0
A* cache ES,601,1477.0
A* DH=6,602,1764.0
A* cache ES,602,1480.0
A* DH=6,603,1766.0
A* cache ES,603,1481.0
A* DH=6,604,1770.0
A* cache ES,604,1483.0
A* DH=6,605,1772.0
A* cache ES,605,1487.0
A* DH=6,606,1773.0
A* cache ES,606,1495.0
A* DH=6,607,1774.0
A* cache ES,607,1496.0
A* DH=6,608,1779.0
A* cache ES,608,1497.0
A* DH=6,609,1782.0
A* cache ES,609,1497.0
A* DH=6,610,1783.0
A* cache ES,610,1498.0
A* DH=6,611,1791.0
A* cache ES,611,1499.0
A* DH=6,612,1792.0
A* cache ES,612,1507.0
A* DH=6,613,1793.0
A* cache ES,613,1517.0
A* DH=6,614,1795.0
A* cache ES,614,1539.0
A* DH=6,615,1798.0
A* cache ES,615,1540.0
A* DH=6,616,1800.0
A* cache ES,616,1540.0
A* DH=6,617,1801.0
A* cache ES,617,1545.0
A* DH=6,618,1802.0
A* cache ES,618,1545.0
A* DH=6,619,1804.0
A* cache ES,619,1546.0
A* DH=6,620,1805.0
A* cache ES,620,1554.0
A* DH=6,621,1806.0
A* cache ES,621,1556.0
A* DH=6,622,1808.0
A* cache ES,622,1556.0
A* DH=6,623,1813.0
A* cache ES,623,1558.0
A* DH=6,624,1813.0
A* cache ES,624,1560.0
A* DH=6,625,1822.0
A* cache ES,625,1560.0
A* DH=6,626,1822.0
A* cache ES,626,1562.0
A* DH=6,627,1823.0
A* cache ES,627,1563.0
A* DH=6,628,1834.0
A* cache ES,628,1564.0
A* DH=6,629,1835.0
A* cache ES,629,1565.0
A* DH=6,630,1835.0
A* cache ES,630,1574.0
A* DH=6,631,1838.0
A* cache ES,631,1576.0
A* DH=6,632,1848.0
A* cache ES,632,1579.0
A* DH=6,633,1855.0
A* cache ES,633,1581.0
A* DH=6,634,1856.0
A* cache ES,634,1590.0
A* DH=6,635,1856.0
A* cache ES,635,1599.0
A* DH=6,636,1860.0
A* cache ES,636,1599.0
A* DH=6,637,1861.0
A* cache ES,637,1602.0
A* DH=6,638,1862.0
A* cache ES,638,1602.0
A* DH=6,639,1865.0
A* cache ES,639,1603.0
A* DH=6,640,1876.0
A* cache ES,640,1604.0
A* DH=6,641,1880.0
A* cache ES,641,1606.0
A* DH=6,642,1882.0
A* cache ES,642,1607.0
A* DH=6,643,1883.0
A* cache ES,643,1608.0
A* DH=6,644,1885.0
A* cache ES,644,1609.0
A* DH=6,645,1886.0
A* cache ES,645,1612.0
A* DH=6,646,1890.0
A* cache ES,646,1612.0
A* DH=6,647,1893.0
A* cache ES,647,1615.0
A* DH=6,648,1902.0
A* cache ES,648,1616.0
A* DH=6,649,1902.0
A* cache ES,649,1621.0
A* DH=6,650,1917.0
A* cache ES,650,1628.0
A* DH=6,651,1925.0
A* cache ES,651,1632.0
A* DH=6,652,1933.0
A* cache ES,652,1632.0
A* DH=6,653,1937.0
A* cache ES,653,1634.0
A* DH=6,654,1937.0
A* cache ES,654,1634.0
A* DH=6,655,1961.0
A* cache ES,655,1635.0
A* DH=6,656,1962.0
A* cache ES,656,1636.0
A* DH=6,657,1963.0
A* cache ES,657,1636.0
A* DH=6,658,1967.0
A* cache ES,658,1639.0
A* DH=6,659,1974.0
A* cache ES,659,1640.0
A* DH=6,660,1974.0
A* cache ES,660,1644.0
A* DH=6,661,1978.0
A* cache ES,661,1645.0
A* DH=6,662,1982.0
A* cache ES,662,1673.0
A* DH=6,663,1983.0
A* cache ES,663,1675.0
A* DH=6,664,1983.0
A* cache ES,664,1676.0
A* DH=6,665,1988.0
A* cache ES,665,1682.0
A* DH=6,666,1991.0
A* cache ES,666,1687.0
A* DH=6,667,1995.0
A* cache ES,667,1687.0
A* DH=6,668,2001.0
A* cache ES,668,1689.0
A* DH=6,669,2005.0
A* cache ES,669,1690.0
A* DH=6,670,2005.0
A* cache ES,670,1692.0
A* DH=6,671,2009.0
A* cache ES,671,1694.0
A* DH=6,672,2016.0
A* cache ES,672,1702.0
A* DH=6,673,2021.0
A* cache ES,673,1718.0
A* DH=6,674,2027.0
A* cache ES,674,1718.0
A* DH=6,675,2032.0
A* cache ES,675,1724.0
A* DH=6,676,2035.0
A* cache ES,676,1732.0
A* DH=6,677,2045.0
A* cache ES,677,1739.0
A* DH=6,678,2047.0
A* cache ES,678,1740.0
A* DH=6,679,2050.0
A* cache ES,679,1741.0
A* DH=6,680,2052.0
A* cache ES,680,1741.0
A* DH=6,681,2055.0
A* cache ES,681,1743.0
A* DH=6,682,2071.0
A* cache ES,682,1747.0
A* DH=6,683,2071.0
A* cache ES,683,1747.0
A* DH=6,684,2079.0
A* cache ES,684,1747.0
A* DH=6,685,2083.0
A* cache ES,685,1750.0
A* DH=6,686,2096.0
A* cache ES,686,1762.0
A* DH=6,687,2098.0
A* cache ES,687,1763.0
A* DH=6,688,2100.0
A* cache ES,688,1767.0
A* DH=6,689,2103.0
A* cache ES,689,1785.0
A* DH=6,690,2118.0
A* cache ES,690,1790.0
A* DH=6,691,2119.0
A* cache ES,691,1791.0
A* DH=6,692,2123.0
A* cache ES,692,1791.0
A* DH=6,693,2126.0
A* cache ES,693,1792.0
A* DH=6,694,2127.0
A* cache ES,694,1793.0
A* DH=6,695,2127.0
A* cache ES,695,1795.0
A* DH=6,696,2131.0
A* cache ES,696,1797.0
A* DH=6,697,2144.0
A* cache ES,697,1800.0
A* DH=6,698,2146.0
A* cache ES,698,1800.0
A* DH=6,699,2150.0
A* cache ES,699,1801.0
A* DH=6,700,2150.0
A* cache ES,700,1809.0
A* DH=6,701,2151.0
A* cache ES,701,1809.0
A* DH=6,702,2158.0
A* cache ES,702,1827.0
A* DH=6,703,2159.0
A* cache ES,703,1829.0
A* DH=6,704,2165.0
A* cache ES,704,1833.0
A* DH=6,705,2166.0
A* cache ES,705,1837.0
A* DH=6,706,2171.0
A* cache ES,706,1839.0
A* DH=6,707,2174.0
A* cache ES,707,1843.0
A* DH=6,708,2174.0
A* cache ES,708,1851.0
A* DH=6,709,2181.0
A* cache ES,709,1853.0
A* DH=6,710,2181.0
A* cache ES,710,1856.0
A* DH=6,711,2185.0
A* cache ES,711,1860.0
A* DH=6,712,2185.0
A* cache ES,712,1860.0
A* DH=6,713,2188.0
A* cache ES,713,1899.0
A* DH=6,714,2191.0
A* cache ES,714,1901.0
A* DH=6,715,2195.0
A* cache ES,715,1909.0
A* DH=6,716,2196.0
A* cache ES,716,1909.0
A* DH=6,717,2199.0
A* cache ES,717,1912.0
A* DH=6,718,2200.0
A* cache ES,718,1918.0
A* DH=6,719,2202.0
A* cache ES,719,1919.0
A* DH=6,720,2207.0
A* cache ES,720,1920.0
A* DH=6,721,2211.0
A* cache ES,721,1921.0
A* DH=6,722,2218.0
A* cache ES,722,1925.0
A* DH=6,723,2219.0
A* cache ES,723,1930.0
A* DH=6,724,2223.0
A* cache ES,724,1931.0
A* DH=6,725,2227.0
A* cache ES,725,1939.0
A* DH=6,726,2231.0
A* cache ES,726,1949.0
A* DH=6,727,2235.0
A* cache ES,727,1953.0
A* DH=6,728,2237.0
A* cache ES,728,1961.0
A* DH=6,729,2247.0
A* cache ES,729,1971.0
A* DH=6,730,2258.0
A* cache ES,730,1972.0
A* DH=6,731,2258.0
A* cache ES,731,1972.0
A* DH=6,732,2262.0
A* cache ES,732,1975.0
A* DH=6,733,2264.0
A* cache ES,733,1979.0
A* DH=6,734,2265.0
A* cache ES,734,1984.0
A* DH=6,735,2277.0
A* cache ES,735,1987.0
A* DH=6,736,2279.0
A* cache ES,736,1989.0
A* DH=6,737,2280.0
A* cache ES,737,1997.0
A* DH=6,738,2283.0
A* cache ES,738,1998.0
A* DH=6,739,2288.0
A* cache ES,739,1998.0
A* DH=6,740,2292.0
A* cache ES,740,1999.0
A* DH=6,741,2292.0
A* cache ES,741,2001.0
A* DH=6,742,2294.0
A* cache ES,742,2010.0
A* DH=6,743,2300.0
A* cache ES,743,2013.0
A* DH=6,744,2305.0
A* cache ES,744,2025.0
A* DH=6,745,2309.0
A* cache ES,745,2037.0
A* DH=6,746,2309.0
A* cache ES,746,2040.0
A* DH=6,747,2311.0
A* cache ES,747,2041.0
A* DH=6,748,2315.0
A* cache ES,748,2047.0
A* DH=6,749,2319.0
A* cache ES,749,2048.0
A* DH=6,750,2320.0
A* cache ES,750,2048.0
A* DH=6,751,2320.0
A* cache ES,751,2054.0
A* DH=6,752,2321.0
A* cache ES,752,2062.0
A* DH=6,753,2327.0
A* cache ES,753,2104.0
A* DH=6,754,2344.0
A* cache ES,754,2112.0
A* DH=6,755,2347.0
A* cache ES,755,2116.0
A* DH=6,756,2367.0
A* cache ES,756,2120.0
A* DH=6,757,2368.0
A* cache ES,757,2130.0
A* DH=6,758,2368.0
A* cache ES,758,2131.0
A* DH=6,759,2370.0
A* cache ES,759,2137.0
A* DH=6,760,2370.0
A* cache ES,760,2138.0
A* DH=6,761,2371.0
A* cache ES,761,2143.0
A* DH=6,762,2371.0
A* cache ES,762,2143.0
A* DH=6,763,2374.0
A* cache ES,763,2145.0
A* DH=6,764,2377.0
A* cache ES,764,2149.0
A* DH=6,765,2378.0
A* cache ES,765,2150.0
A* DH=6,766,2385.0
A* cache ES,766,2151.0
A* DH=6,767,2385.0
A* cache ES,767,2156.0
A* DH=6,768,2391.0
A* cache ES,768,2157.0
A* DH=6,769,2394.0
A* cache ES,769,2159.0
A* DH=6,770,2398.0
A* cache ES,770,2160.0
A* DH=6,771,2402.0
A* cache ES,771,2169.0
A* DH=6,772,2403.0
A* cache ES,772,2181.0
A* DH=6,773,2409.0
A* cache ES,773,2184.0
A* DH=6,774,2411.0
A* cache ES,774,2186.0
A* DH=6,775,2415.0
A* cache ES,775,2190.0
A* DH=6,776,2428.0
A* cache ES,776,2204.0
A* DH=6,777,2428.0
A* cache ES,777,2206.0
A* DH=6,778,2430.0
A* cache ES,778,2211.0
A* DH=6,779,2432.0
A* cache ES,779,2217.0
A* DH=6,780,2437.0
A* cache ES,780,2218.0
A* DH=6,781,2453.0
A* cache ES,781,2226.0
A* DH=6,782,2454.0
A* cache ES,782,2229.0
A* DH=6,783,2463.0
A* cache ES,783,2230.0
A* DH=6,784,2464.0
A* cache ES,784,2247.0
A* DH=6,785,2467.0
A* cache ES,785,2247.0
A* DH=6,786,2479.0
A* cache ES,786,2250.0
A* DH=6,787,2481.0
A* cache ES,787,2252.0
A* DH=6,788,2481.0
A* cache ES,788,2259.0
A* DH=6,789,2487.0
A* cache ES,789,2269.0
A* DH=6,790,2491.0
A* cache ES,790,2274.0
A* DH=6,791,2491.0
A* cache ES,791,2277.0
A* DH=6,792,2503.0
A* cache ES,792,2278.0
A* DH=6,793,2515.0
A* cache ES,793,2278.0
A* DH=6,794,2518.0
A* cache ES,794,2284.0
A* DH=6,795,2532.0
A* cache ES,795,2285.0
A* DH=6,796,2539.0
A* cache ES,796,2286.0
A* DH=6,797,2542.0
A* cache ES,797,2294.0
A* DH=6,798,2558.0
A* cache ES,798,2297.0
A* DH=6,799,2566.0
A* cache ES,799,2298.0
A* DH=6,800,2577.0
A* cache ES,800,2299.0
A* DH=6,801,2579.0
A* cache ES,801,2311.0
A* DH=6,802,2580.0
A* cache ES,802,2312.0
A* DH=6,803,2587.0
A* cache ES,803,2324.0
A* DH=6,804,2588.0
A* cache ES,804,2326.0
A* DH=6,805,2589.0
A* cache ES,805,2326.0
A* DH=6,806,2593.0
A* cache ES,806,2329.0
A* DH=6,807,2594.0
A* cache ES,807,2332.0
A* DH=6,808,2603.0
A* cache ES,808,2334.0
A* DH=6,809,2605.0
A* cache ES,809,2338.0
A* DH=6,810,2606.0
A* cache ES,810,2344.0
A* DH=6,811,2608.0
A* cache ES,811,2348.0
A* DH=6,812,2613.0
A* cache ES,812,2353.0
A* DH=6,813,2627.0
A* cache ES,813,2356.0
A* DH=6,814,2627.0
A* cache ES,814,2364.0
A* DH=6,815,2648.0
A* cache ES,815,2365.0
A* DH=6,816,2652.0
A* cache ES,816,2373.0
A* DH=6,817,2656.0
A* cache ES,817,2375.0
A* DH=6,818,2658.0
A* cache ES,818,2385.0
A* DH=6,819,2661.0
A* cache ES,819,2393.0
A* DH=6,820,2683.0
A* cache ES,820,2395.0
A* DH=6,821,2683.0
A* cache ES,821,2396.0
A* DH=6,822,2686.0
A* cache ES,822,2401.0
A* DH=6,823,2687.0
A* cache ES,823,2402.0
A* DH=6,824,2691.0
A* cache ES,824,2405.0
A* DH=6,825,2701.0
A* cache ES,825,2413.0
A* DH=6,826,2704.0
A* cache ES,826,2415.0
A* DH=6,827,2706.0
A* cache ES,827,2417.0
A* DH=6,828,2709.0
A* cache ES,828,2423.0
A* DH=6,829,2712.0
A* cache ES,829,2423.0
A* DH=6,830,2716.0
A* cache ES,830,2424.0
A* DH=6,831,2727.0
A* cache ES,831,2426.0
A* DH=6,832,2733.0
A* cache ES,832,2432.0
A* DH=6,833,2743.0
A* cache ES,833,2439.0
A* DH=6,834,2746.0
A* cache ES,834,2441.0
A* DH=6,835,2752.0
A* cache ES,835,2441.0
A* DH=6,836,2753.0
A* cache ES,836,2443.0
A* DH=6,837,2767.0
A* cache ES,837,2445.0
A* DH=6,838,2775.0
A* cache ES,838,2445.0
A* DH=6,839,2783.0
A* cache ES,839,2453.0
A* DH=6,840,2787.0
A* cache ES,840,2456.0
A* DH=6,841,2789.0
A* cache ES,841,2460.0
A* DH=6,842,2805.0
A* cache ES,842,2464.0
A* DH=6,843,2819.0
A* cache ES,843,2479.0
A* DH=6,844,2820.0
A* cache ES,844,2485.0
A* DH=6,845,2822.0
A* cache ES,845,2498.0
A* DH=6,846,2827.0
A* cache ES,846,2502.0
A* DH=6,847,2827.0
A* cache ES,847,2503.0
A* DH=6,848,2829.0
A* cache ES,848,2512.0
A* DH=6,849,2832.0
A* cache ES,849,2512.0
A* DH=6,850,2833.0
A* cache ES,850,2513.0
A* DH=6,851,2839.0
A* cache ES,851,2522.0
A* DH=6,852,2840.0
A* cache ES,852,2525.0
A* DH=6,853,2850.0
A* cache ES,853,2530.0
A* DH=6,854,2877.0
A* cache ES,854,2531.0
A* DH=6,855,2877.0
A* cache ES,855,2552.0
A* DH=6,856,2895.0
A* cache ES,856,2559.0
A* DH=6,857,2898.0
A* cache ES,857,2578.0
A* DH=6,858,2921.0
A* cache ES,858,2582.0
A* DH=6,859,2927.0
A* cache ES,859,2598.0
A* DH=6,860,2945.0
A* cache ES,860,2599.0
A* DH=6,861,2945.0
A* cache ES,861,2601.0
A* DH=6,862,2950.0
A* cache ES,862,2602.0
A* DH=6,863,2954.0
A* cache ES,863,2605.0
A* DH=6,864,2963.0
A* cache ES,864,2612.0
A* DH=6,865,2974.0
A* cache ES,865,2616.0
A* DH=6,866,2976.0
A* cache ES,866,2626.0
A* DH=6,867,2979.0
A* cache ES,867,2628.0
A* DH=6,868,2982.0
A* cache ES,868,2628.0
A* DH=6,869,2995.0
A* cache ES,869,2643.0
A* DH=6,870,3004.0
A* cache ES,870,2651.0
A* DH=6,871,3012.0
A* cache ES,871,2658.0
A* DH=6,872,3025.0
A* cache ES,872,2659.0
A* DH=6,873,3025.0
A* cache ES,873,2664.0
A* DH=6,874,3034.0
A* cache ES,874,2685.0
A* DH=6,875,3034.0
A* cache ES,875,2696.0
A* DH=6,876,3047.0
A* cache ES,876,2702.0
A* DH=6,877,3054.0
A* cache ES,877,2705.0
A* DH=6,878,3057.0
A* cache ES,878,2713.0
A* DH=6,879,3073.0
A* cache ES,879,2720.0
A* DH=6,880,3096.0
A* cache ES,880,2722.0
A* DH=6,881,3098.0
A* cache ES,881,2726.0
A* DH=6,882,3104.0
A* cache ES,882,2732.0
A* DH=6,883,3106.0
A* cache ES,883,2786.0
A* DH=6,884,3115.0
A* cache ES,884,2789.0
A* DH=6,885,3123.0
A* cache ES,885,2800.0
A* DH=6,886,3123.0
A* cache ES,886,2819.0
A* DH=6,887,3124.0
A* cache ES,887,2828.0
A* DH=6,888,3126.0
A* cache ES,888,2835.0
A* DH=6,889,3126.0
A* cache ES,889,2857.0
A* DH=6,890,3128.0
A* cache ES,890,2864.0
A* DH=6,891,3129.0
A* cache ES,891,2865.0
A* DH=6,892,3131.0
A* cache ES,892,2879.0
A* DH=6,893,3133.0
A* cache ES,893,2885.0
A* DH=6,894,3142.0
A* cache ES,894,2893.0
A* DH=6,895,3145.0
A* cache ES,895,2898.0
A* DH=6,896,3149.0
A* cache ES,896,2900.0
A* DH=6,897,3152.0
A* cache ES,897,2912.0
A* DH=6,898,3163.0
A* cache ES,898,2918.0
A* DH=6,899,3163.0
A* cache ES,899,2923.0
A* DH=6,900,3169.0
A* cache ES,900,2929.0
A* DH=6,901,3176.0
A* cache ES,901,2954.0
A* DH=6,902,3177.0
A* cache ES,902,2955.0
A* DH=6,903,3212.0
A* cache ES,903,2958.0
A* DH=6,904,3214.0
A* cache ES,904,2960.0
A* DH=6,905,3220.0
A* cache ES,905,2961.0
A* DH=6,906,3222.0
A* cache ES,906,2962.0
A* DH=6,907,3230.0
A* cache ES,907,2964.0
A* DH=6,908,3236.0
A* cache ES,908,2979.0
A* DH=6,909,3237.0
A* cache ES,909,2983.0
A* DH=6,910,3245.0
A* cache ES,910,2983.0
A* DH=6,911,3246.0
A* cache ES,911,2988.0
A* DH=6,912,3248.0
A* cache ES,912,2999.0
A* DH=6,913,3301.0
A* cache ES,913,3007.0
A* DH=6,914,3304.0
A* cache ES,914,3015.0
A* DH=6,915,3316.0
A* cache ES,915,3026.0
A* DH=6,916,3318.0
A* cache ES,916,3038.0
A* DH=6,917,3318.0
A* cache ES,917,3040.0
A* DH=6,918,3323.0
A* cache ES,918,3044.0
A* DH=6,919,3328.0
A* cache ES,919,3044.0
A* DH=6,920,3342.0
A* cache ES,920,3051.0
A* DH=6,921,3345.0
A* cache ES,921,3054.0
A* DH=6,922,3346.0
A* cache ES,922,3056.0
A* DH=6,923,3349.0
A* cache ES,923,3064.0
A* DH=6,924,3379.0
A* cache ES,924,3068.0
A* DH=6,925,3384.0
A* cache ES,925,3072.0
A* DH=6,926,3389.0
A* cache ES,926,3072.0
A* DH=6,927,3390.0
A* cache ES,927,3075.0
A* DH=6,928,3400.0
A* cache ES,928,3085.0
A* DH=6,929,3404.0
A* cache ES,929,3091.0
A* DH=6,930,3408.0
A* cache ES,930,3095.0
A* DH=6,931,3433.0
A* cache ES,931,3096.0
A* DH=6,932,3442.0
A* cache ES,932,3102.0
A* DH=6,933,3457.0
A* cache ES,933,3106.0
A* DH=6,934,3458.0
A* cache ES,934,3114.0
A* DH=6,935,3474.0
A* cache ES,935,3117.0
A* DH=6,936,3481.0
A* cache ES,936,3121.0
A* DH=6,937,3487.0
A* cache ES,937,3123.0
A* DH=6,938,3499.0
A* cache ES,938,3129.0
A* DH=6,939,3500.0
A* cache ES,939,3130.0
A* DH=6,940,3518.0
A* cache ES,940,3131.0
A* DH=6,941,3523.0
A* cache ES,941,3138.0
A* DH=6,942,3535.0
A* cache ES,942,3151.0
A* DH=6,943,3536.0
A* cache ES,943,3152.0
A* DH=6,944,3538.0
A* cache ES,944,3157.0
A* DH=6,945,3544.0
A* cache ES,945,3164.0
A* DH=6,946,3545.0
A* cache ES,946,3183.0
A* DH=6,947,3571.0
A* cache ES,947,3194.0
A* DH=6,948,3586.0
A* cache ES,948,3200.0
A* DH=6,949,3599.0
A* cache ES,949,3207.0
A* DH=6,950,3600.0
A* cache ES,950,3209.0
A* DH=6,951,3606.0
A* cache ES,951,3211.0
A* DH=6,952,3607.0
A* cache ES,952,3212.0
A* DH=6,953,3613.0
A* cache ES,953,3213.0
A* DH=6,954,3614.0
A* cache ES,954,3250.0
A* DH=6,955,3636.0
A* cache ES,955,3270.0
A* DH=6,956,3665.0
A* cache ES,956,3285.0
A* DH=6,957,3670.0
A* cache ES,957,3288.0
A* DH=6,958,3670.0
A* cache ES,958,3290.0
A* DH=6,959,3674.0
A* cache ES,959,3303.0
A* DH=6,960,3678.0
A* cache ES,960,3311.0
A* DH=6,961,3681.0
A* cache ES,961,3319.0
A* DH=6,962,3696.0
A* cache ES,962,3320.0
A* DH=6,963,3698.0
A* cache ES,963,3326.0
A* DH=6,964,3718.0
A* cache ES,964,3326.0
A* DH=6,965,3726.0
A* cache ES,965,3327.0
A* DH=6,966,3740.0
A* cache ES,966,3332.0
A* DH=6,967,3744.0
A* cache ES,967,3347.0
A* DH=6,968,3746.0
A* cache ES,968,3348.0
A* DH=6,969,3753.0
A* cache ES,969,3351.0
A* DH=6,970,3754.0
A* cache ES,970,3353.0
A* DH=6,971,3766.0
A* cache ES,971,3360.0
A* DH=6,972,3769.0
A* cache ES,972,3369.0
A* DH=6,973,3778.0
A* cache ES,973,3380.0
A* DH=6,974,3781.0
A* cache ES,974,3382.0
A* DH=6,975,3791.0
A* cache ES,975,3384.0
A* DH=6,976,3803.0
A* cache ES,976,3393.0
A* DH=6,977,3815.0
A* cache ES,977,3403.0
A* DH=6,978,3833.0
A* cache ES,978,3411.0
A* DH=6,979,3844.0
A* cache ES,979,3421.0
A* DH=6,980,3845.0
A* cache ES,980,3428.0
A* DH=6,981,3865.0
A* cache ES,981,3432.0
A* DH=6,982,3873.0
A* cache ES,982,3448.0
A* DH=6,983,3881.0
A* cache ES,983,3465.0
A* DH=6,984,3887.0
A* cache ES,984,3466.0
A* DH=6,985,3887.0
A* cache ES,985,3478.0
A* DH=6,986,3903.0
A* cache ES,986,3492.0
A* DH=6,987,3937.0
A* cache ES,987,3494.0
A* DH=6,988,3939.0
A* cache ES,988,3503.0
A* DH=6,989,3940.0
A* cache ES,989,3510.0
A* DH=6,990,3950.0
A* cache ES,990,3511.0
A* DH=6,991,3952.0
A* cache ES,991,3522.0
A* DH=6,992,3959.0
A* cache ES,992,3525.0
A* DH=6,993,3991.0
A* cache ES,993,3543.0
A* DH=6,994,3993.0
A* cache ES,994,3559.0
A* DH=6,995,4001.0
A* cache ES,995,3562.0
A* DH=6,996,4003.0
A* cache ES,996,3587.0
A* DH=6,997,4010.0
A* cache ES,997,3591.0
A* DH=6,998,4015.0
A* cache ES,998,3592.0
A* DH=6,999,4034.0
A* cache ES,999,3603.0
A* DH=6,1000,4055.0
A* cache ES,1000,3617.0
A* DH=6,1001,4062.0
A* cache ES,1001,3633.0
A* DH=6,1002,4080.0
A* cache ES,1002,3640.0
A* DH=6,1003,4084.0
A* cache ES,1003,3647.0
A* DH=6,1004,4097.0
A* cache ES,1004,3651.0
A* DH=6,1005,4102.0
A* cache ES,1005,3659.0
A* DH=6,1006,4115.0
A* cache ES,1006,3661.0
A* DH=6,1007,4125.0
A* cache ES,1007,3661.0
A* DH=6,1008,4129.0
A* cache ES,1008,3681.0
A* DH=6,1009,4131.0
A* cache ES,1009,3687.0
A* DH=6,1010,4133.0
A* cache ES,1010,3712.0
A* DH=6,1011,4138.0
A* cache ES,1011,3716.0
A* DH=6,1012,4146.0
A* cache ES,1012,3722.0
A* DH=6,1013,4157.0
A* cache ES,1013,3722.0
A* DH=6,1014,4158.0
A* cache ES,1014,3724.0
A* DH=6,1015,4171.0
A* cache ES,1015,3725.0
A* DH=6,1016,4183.0
A* cache ES,1016,3736.0
A* DH=6,1017,4213.0
A* cache ES,1017,3742.0
A* DH=6,1018,4224.0
A* cache ES,1018,3754.0
A* DH=6,1019,4232.0
A* cache ES,1019,3756.0
A* DH=6,1020,4254.0
A* cache ES,1020,3791.0
A* DH=6,1021,4254.0
A* cache ES,1021,3791.0
A* DH=6,1022,4282.0
A* cache ES,1022,3824.0
A* DH=6,1023,4285.0
A* cache ES,1023,3875.0
A* DH=6,1024,4286.0
A* cache ES,1024,3896.0
A* DH=6,1025,4297.0
A* cache ES,1025,3927.0
A* DH=6,1026,4298.0
A* cache ES,1026,3947.0
A* DH=6,1027,4334.0
A* cache ES,1027,4010.0
A* DH=6,1028,4351.0
A* cache ES,1028,4021.0
A* DH=6,1029,4357.0
A* cache ES,1029,4025.0
A* DH=6,1030,4360.0
A* cache ES,1030,4028.0
A* DH=6,1031,4380.0
A* cache ES,1031,4030.0
A* DH=6,1032,4385.0
A* cache ES,1032,4061.0
A* DH=6,1033,4397.0
A* cache ES,1033,4075.0
A* DH=6,1034,4404.0
A* cache ES,1034,4087.0
A* DH=6,1035,4410.0
A* cache ES,1035,4098.0
A* DH=6,1036,4413.0
A* cache ES,1036,4135.0
A* DH=6,1037,4418.0
A* cache ES,1037,4146.0
A* DH=6,1038,4424.0
A* cache ES,1038,4165.0
A* DH=6,1039,4457.0
A* cache ES,1039,4171.0
A* DH=6,1040,4463.0
A* cache ES,1040,4183.0
A* DH=6,1041,4467.0
A* cache ES,1041,4198.0
A* DH=6,1042,4472.0
A* cache ES,1042,4215.0
A* DH=6,1043,4482.0
A* cache ES,1043,4222.0
A* DH=6,1044,4486.0
A* cache ES,1044,4234.0
A* DH=6,1045,4490.0
A* cache ES,1045,4255.0
A* DH=6,1046,4501.0
A* cache ES,1046,4279.0
A* DH=6,1047,4543.0
A* cache ES,1047,4339.0
A* DH=6,1048,4552.0
A* cache ES,1048,4370.0
A* DH=6,1049,4576.0
A* cache ES,1049,4380.0
A* DH=6,1050,4580.0
A* cache ES,1050,4383.0
A* DH=6,1051,4589.0
A* cache ES,1051,4386.0
A* DH=6,1052,4614.0
A* cache ES,1052,4397.0
A* DH=6,1053,4633.0
A* cache ES,1053,4441.0
A* DH=6,1054,4646.0
A* cache ES,1054,4470.0
A* DH=6,1055,4654.0
A* cache ES,1055,4479.0
A* DH=6,1056,4654.0
A* cache ES,1056,4494.0
A* DH=6,1057,4670.0
A* cache ES,1057,4497.0
A* DH=6,1058,4689.0
A* cache ES,1058,4498.0
A* DH=6,1059,4690.0
A* cache ES,1059,4504.0
A* DH=6,1060,4698.0
A* cache ES,1060,4516.0
A* DH=6,1061,4698.0
A* cache ES,1061,4518.0
A* DH=6,1062,4700.0
A* cache ES,1062,4520.0
A* DH=6,1063,4718.0
A* cache ES,1063,4531.0
A* DH=6,1064,4774.0
A* cache ES,1064,4540.0
A* DH=6,1065,4775.0
A* cache ES,1065,4562.0
A* DH=6,1066,4785.0
A* cache ES,1066,4596.0
A* DH=6,1067,4792.0
A* cache ES,1067,4602.0
A* DH=6,1068,4818.0
A* cache ES,1068,4619.0
A* DH=6,1069,4823.0
A* cache ES,1069,4624.0
A* DH=6,1070,4831.0
A* cache ES,1070,4624.0
A* DH=6,1071,4835.0
A* cache ES,1071,4653.0
A* DH=6,1072,4838.0
A* cache ES,1072,4657.0
A* DH=6,1073,4850.0
A* cache ES,1073,4666.0
A* DH=6,1074,4855.0
A* cache ES,1074,4667.0
A* DH=6,1075,4879.0
A* cache ES,1075,4680.0
A* DH=6,1076,4902.0
A* cache ES,1076,4680.0
A* DH=6,1077,4910.0
A* cache ES,1077,4681.0
A* DH=6,1078,4926.0
A* cache ES,1078,4715.0
A* DH=6,1079,4944.0
A* cache ES,1079,4748.0
A* DH=6,1080,5001.0
A* cache ES,1080,4750.0
A* DH=6,1081,5024.0
A* cache ES,1081,4761.0
A* DH=6,1082,5049.0
A* cache ES,1082,4810.0
A* DH=6,1083,5079.0
A* cache ES,1083,4843.0
A* DH=6,1084,5101.0
A* cache ES,1084,4874.0
A* DH=6,1085,5117.0
A* cache ES,1085,4889.0
A* DH=6,1086,5124.0
A* cache ES,1086,4899.0
A* DH=6,1087,5126.0
A* cache ES,1087,4909.0
A* DH=6,1088,5150.0
A* cache ES,1088,4934.0
A* DH=6,1089,5159.0
A* cache ES,1089,4945.0
A* DH=6,1090,5164.0
A* cache ES,1090,4966.0
A* DH=6,1091,5175.0
A* cache ES,1091,4966.0
A* DH=6,1092,5203.0
A* cache ES,1092,4994.0
A* DH=6,1093,5248.0
A* cache ES,1093,4998.0
A* DH=6,1094,5264.0
A* cache ES,1094,5048.0
A* DH=6,1095,5275.0
A* cache ES,1095,5071.0
A* DH=6,1096,5279.0
A* cache ES,1096,5074.0
A* DH=6,1097,5284.0
A* cache ES,1097,5075.0
A* DH=6,1098,5310.0
A* cache ES,1098,5086.0
A* DH=6,1099,5311.0
A* cache ES,1099,5103.0
A* DH=6,1100,5315.0
A* cache ES,1100,5108.0
A* DH=6,1101,5357.0
A* cache ES,1101,5116.0
A* DH=6,1102,5358.0
A* cache ES,1102,5152.0
A* DH=6,1103,5360.0
A* cache ES,1103,5202.0
A* DH=6,1104,5364.0
A* cache ES,1104,5238.0
A* DH=6,1105,5367.0
A* cache ES,1105,5246.0
A* DH=6,1106,5374.0
A* cache ES,1106,5255.0
A* DH=6,1107,5388.0
A* cache ES,1107,5268.0
A* DH=6,1108,5391.0
A* cache ES,1108,5277.0
A* DH=6,1109,5411.0
A* cache ES,1109,5283.0
A* DH=6,1110,5414.0
A* cache ES,1110,5298.0
A* DH=6,1111,5458.0
A* cache ES,1111,5312.0
A* DH=6,1112,5471.0
A* cache ES,1112,5358.0
A* DH=6,1113,5474.0
A* cache ES,1113,5363.0
A* DH=6,1114,5482.0
A* cache ES,1114,5375.0
A* DH=6,1115,5489.0
A* cache ES,1115,5397.0
A* DH=6,1116,5533.0
A* cache ES,1116,5402.0
A* DH=6,1117,5591.0
A* cache ES,1117,5444.0
A* DH=6,1118,5597.0
A* cache ES,1118,5472.0
A* DH=6,1119,5615.0
A* cache ES,1119,5505.0
A* DH=6,1120,5621.0
A* cache ES,1120,5542.0
A* DH=6,1121,5635.0
A* cache ES,1121,5574.0
A* DH=6,1122,5671.0
A* cache ES,1122,5575.0
A* DH=6,1123,5680.0
A* cache ES,1123,5603.0
A* DH=6,1124,5694.0
A* cache ES,1124,5604.0
A* DH=6,1125,5713.0
A* cache ES,1125,5610.0
A* DH=6,1126,5720.0
A* cache ES,1126,5614.0
A* DH=6,1127,5725.0
A* cache ES,1127,5650.0
A* DH=6,1128,5747.0
A* cache ES,1128,5660.0
A* DH=6,1129,5755.0
A* cache ES,1129,5681.0
A* DH=6,1130,5772.0
A* cache ES,1130,5709.0
A* DH=6,1131,5785.0
A* cache ES,1131,5710.0
A* DH=6,1132,5805.0
A* cache ES,1132,5717.0
A* DH=6,1133,5861.0
A* cache ES,1133,5722.0
A* DH=6,1134,5881.0
A* cache ES,1134,5740.0
A* DH=6,1135,5929.0
A* cache ES,1135,5745.0
A* DH=6,1136,5935.0
A* cache ES,1136,5803.0
A* DH=6,1137,5955.0
A* cache ES,1137,5803.0
A* DH=6,1138,5976.0
A* cache ES,1138,5820.0
A* DH=6,1139,5998.0
A* cache ES,1139,5847.0
A* DH=6,1140,6000.0
A* cache ES,1140,5869.0
A* DH=6,1141,6004.0
A* cache ES,1141,5871.0
A* DH=6,1142,6039.0
A* cache ES,1142,5877.0
A* DH=6,1143,6065.0
A* cache ES,1143,5944.0
A* DH=6,1144,6154.0
A* cache ES,1144,5946.0
A* DH=6,1145,6193.0
A* cache ES,1145,5986.0
A* DH=6,1146,6203.0
A* cache ES,1146,5994.0
A* DH=6,1147,6262.0
A* cache ES,1147,6049.0
A* DH=6,1148,6266.0
A* cache ES,1148,6068.0
A* DH=6,1149,6269.0
A* cache ES,1149,6121.0
A* DH=6,1150,6273.0
A* cache ES,1150,6151.0
A* DH=6,1151,6286.0
A* cache ES,1151,6169.0
A* DH=6,1152,6324.0
A* cache ES,1152,6241.0
A* DH=6,1153,6338.0
A* cache ES,1153,6250.0
A* DH=6,1154,6554.0
A* cache ES,1154,6273.0
A* DH=6,1155,6596.0
A* cache ES,1155,6330.0
A* DH=6,1156,6619.0
A* cache ES,1156,6359.0
A* DH=6,1157,6648.0
A* cache ES,1157,6383.0
A* DH=6,1158,6673.0
A* cache ES,1158,6397.0
A* DH=6,1159,6687.0
A* cache ES,1159,6443.0
A* DH=6,1160,6723.0
A* cache ES,1160,6496.0
A* DH=6,1161,6732.0
A* cache ES,1161,6530.0
A* DH=6,1162,6784.0
A* cache ES,1162,6575.0
A* DH=6,1163,6785.0
A* cache ES,1163,6710.0
A* DH=6,1164,6884.0
A* cache ES,1164,6814.0
A* DH=6,1165,6929.0
A* cache ES,1165,6871.0
A* DH=6,1166,6978.0
A* cache ES,1166,6890.0
A* DH=6,1167,7058.0
A* cache ES,1167,7022.0
A* DH=6,1168,7112.0
A* cache ES,1168,7072.0
A* DH=6,1169,7159.0
A* cache ES,1169,7222.0
A* DH=6,1170,7307.0
A* cache ES,1170,7552.0
A* DH=6,1171,7380.0
A* cache ES,1171,7607.0
A* DH=6,1172,7644.0
A* cache ES,1172,7612.0
A* DH=6,1173,7705.0
A* cache ES,1173,7663.0
A* DH=6,1174,7853.0
A* cache ES,1174,7810.0
A* DH=6,1175,8054.0
A* cache ES,1175,8141.0
A* DH=6,1176,8102.0
A* cache ES,1176,8264.0
A* DH=6,1177,8240.0
A* cache ES,1177,8443.0
A* DH=6,1178,8859.0
A* cache ES,1178,8581.0
A* DH=6,1179,9065.0
A* cache ES,1179,8587.0
